{
  "guid": "a1c9de4f-2304-42bd-8408-a743ce4b3776",
  "name": "OpenStreetMap",
  "icon": "",
  "description": "Example of displaying data on the map",
  "apprSchema": [
    {
      "label": "General",
      "icon": "",
      "items": [
        {
          "label": "OpenCage API",
          "type": "text",
          "apprKey": "apiKey",
          "description": "You will need to register at https://opencagedata.com/users/sign_up to get an API key",
          "defaultValue": ""
        },
        {
          "label": "Search by",
          "type": "select",
          "apprKey": "mode",
          "defaultValue": "address",
          "props": {
            "options": [
              {"label": "Address", "value": "address"},
              {"label": "Coordinates", "value": "coordinates"}
            ]
          }
        },
        {
          "label": "Column for address",
          "type": "select",
          "apprKey": "address",
          "defaultValue": "",
          "props": {
            "options": [
              { "value": "", "label": "None" }
            ]
          }
        },
        {
          "label": "Longitude",
          "type": "select",
          "apprKey": "longitude",
          "defaultValue": "",
          "props": {
            "options": [
              { "value": "", "label": "None" }
            ]
          }
        },
        {
          "label": "Latitude",
          "type": "select",
          "apprKey": "latitude",
          "defaultValue": "",
          "props": {
            "options": [
              { "value": "", "label": "None" }
            ]
          }
        }
      ]
    }
  ]
}
